{
    "metadata":{
        "version":3,
        "normals":19,
        "type":"Geometry",
        "vertices":88,
        "faces":66,
        "uvs":0,
        "generator":"io_three"
    },
    "normals":[0.577349,-0.577319,-0.577349,0.577349,-0.577349,0.577319,-0.577319,-0.577349,0.577349,-0.577319,-0.577349,-0.577349,0.577349,0.577349,-0.577319,-0.577349,0.577349,-0.577349,-0.577349,0.577319,0.577349,0.577319,0.577349,0.577349,0.577349,-0.577349,0.577349,-0.577349,-0.577349,0.577349,-0.577349,-0.577319,-0.577349,-0.577349,0.577349,0.577349,0.577319,-0.577349,-0.577349,-0.577319,0.577349,-0.577349,0.577349,0.577349,0.577349,-0.577349,-0.577349,-0.577349,0.577349,0.577349,-0.577349,0.577349,-0.577349,-0.577349,-0.577349,-0.577319,0.577349],
    "vertices":[10,-0.500002,-10,10,-0.499998,10,-10,-0.499998,9.99999,-9.99999,-0.500002,-10,10,0.499998,-9.99999,9.99999,0.500002,10,-10,0.500002,9.99999,-10,0.499998,-10,20,-0.500003,-12.5,20,-0.499997,12.5,14,-0.499997,12.5,14,-0.500003,-12.5,20,0.499997,-12.5,20,0.500003,12.5,14,0.500003,12.5,14,0.499997,-12.5,-12.5,-0.500003,-20,12.5,-0.499999,-20,12.5,-0.499999,-14,-12.5,-0.500003,-14,-12.5,0.499997,-20,12.5,0.500001,-20,12.5,0.500001,-14,-12.5,0.499997,-14,-17.6116,0.5,-3.60784,-17.6116,4.5,-3.60784,-17.6116,0.5,-4.10784,-17.6116,4.5,-4.10784,2.38842,0.5,-3.60784,2.38842,4.5,-3.60784,2.38842,0.5,-4.10784,2.38842,4.5,-4.10784,-14,-0.500003,-12.5,-14,-0.499997,12.5,-20,-0.499997,12.5,-20,-0.500003,-12.5,-14,0.499997,-12.5,-14,0.500003,12.5,-20,0.500003,12.5,-20,0.499997,-12.5,-12.5,-0.500001,14,12.5,-0.499997,14,12.5,-0.499997,20,-12.5,-0.500001,20,-12.5,0.499999,14,12.5,0.500003,14,12.5,0.500003,20,-12.5,0.499999,20,-9.75,0.5,3.9,-9.75,4.5,3.9,-10.25,0.5,3.9,-10.25,4.5,3.9,-9.75,0.499999,-16.1,-9.75,4.5,-16.1,-10.25,0.499999,-16.1,-10.25,4.5,-16.1,14.45,0.5,5.9,14.45,4.5,5.9,13.95,0.5,5.9,13.95,4.5,5.9,14.45,0.499999,-14.1,14.45,4.5,-14.1,13.95,0.499999,-14.1,13.95,4.5,-14.1,-17.6839,0.5,9.96848,-17.6839,4.5,9.96848,-17.6839,0.5,9.46848,-17.6839,4.5,9.46848,2.31612,0.5,9.96848,2.31612,4.5,9.96848,2.31612,0.5,9.46848,2.31612,4.5,9.46848,6.3388,0.500001,16.4746,6.3388,4.5,16.4746,5.8388,0.500001,16.4746,5.8388,4.5,16.4746,6.3388,0.5,-3.52541,6.3388,4.5,-3.52541,5.8388,0.5,-3.52541,5.8388,4.5,-3.52541,-1.65,0.5,-8,-1.65,4.5,-8,-2.15,0.5,-8,-2.15,4.5,-8,-1.65,0.499999,-18,-1.65,4.5,-18,-2.15,0.499999,-18,-2.15,4.5,-18],
    "faces":[33,0,1,2,3,0,1,2,3,33,4,7,6,5,4,5,6,7,33,0,4,5,1,0,4,7,1,33,1,5,6,2,1,7,6,2,33,2,6,7,3,2,6,5,3,33,4,0,3,7,4,0,3,5,33,8,9,10,11,0,8,9,10,33,12,15,14,13,4,5,11,7,33,8,12,13,9,0,4,7,8,33,9,13,14,10,8,7,11,9,33,10,14,15,11,9,11,5,10,33,12,8,11,15,4,0,10,5,33,16,17,18,19,10,12,8,9,33,20,23,22,21,13,11,14,4,33,16,20,21,17,10,13,4,12,33,17,21,22,18,12,4,14,8,33,18,22,23,19,8,14,11,9,33,20,16,19,23,13,10,9,11,33,25,27,26,24,11,5,15,9,33,27,31,30,26,5,16,17,15,33,31,29,28,30,16,14,8,17,33,29,25,24,28,14,11,9,8,33,24,26,30,28,9,15,17,8,33,29,31,27,25,14,16,5,11,33,32,33,34,35,0,8,9,15,33,36,39,38,37,4,5,11,7,33,32,36,37,33,0,4,7,8,33,33,37,38,34,8,7,11,9,33,34,38,39,35,9,11,5,15,33,36,32,35,39,4,0,15,5,33,40,41,42,43,10,17,8,18,33,44,47,46,45,13,11,14,4,33,40,44,45,41,10,13,4,17,33,41,45,46,42,17,4,14,8,33,42,46,47,43,8,14,11,18,33,44,40,43,47,13,10,18,11,33,49,51,50,48,14,11,9,8,33,51,55,54,50,11,5,15,9,33,55,53,52,54,5,16,17,15,33,53,49,48,52,16,14,8,17,33,48,50,54,52,8,9,15,17,33,53,55,51,49,16,5,11,14,33,57,59,58,56,14,11,9,8,33,59,63,62,58,11,5,15,9,33,63,61,60,62,5,16,17,15,33,61,57,56,60,16,14,8,17,33,56,58,62,60,8,9,15,17,33,61,63,59,57,16,5,11,14,33,65,67,66,64,11,5,15,9,33,67,71,70,66,5,16,17,15,33,71,69,68,70,16,14,8,17,33,69,65,64,68,14,11,9,8,33,64,66,70,68,9,15,17,8,33,69,71,67,65,14,16,5,11,33,73,75,74,72,14,11,9,8,33,75,79,78,74,11,5,15,9,33,79,77,76,78,5,16,17,15,33,77,73,72,76,16,14,8,17,33,72,74,78,76,8,9,15,17,33,77,79,75,73,16,5,11,14,33,81,83,82,80,14,11,9,8,33,83,87,86,82,11,13,3,9,33,87,85,84,86,13,16,17,3,33,85,81,80,84,16,14,8,17,33,80,82,86,84,8,9,3,17,33,85,87,83,81,16,13,11,14],
    "uvs":[],
    "name":"Cube.049Geometry"
}