{
    "metadata":{
        "version":3,
        "normals":18,
        "type":"Geometry",
        "vertices":40,
        "faces":30,
        "uvs":0,
        "generator":"io_three"
    },
    "normals":[0.577349,-0.577319,-0.577349,0.577349,-0.577349,0.577319,-0.577319,-0.577349,0.577349,-0.577319,-0.577349,-0.577349,0.577349,0.577349,-0.577319,-0.577349,0.577349,-0.577349,-0.577349,0.577319,0.577349,0.577319,0.577349,0.577349,0.577349,-0.577349,0.577349,-0.577349,-0.577349,0.577349,-0.577349,-0.577319,-0.577349,-0.577349,0.577349,0.577349,0.577319,-0.577349,-0.577349,-0.577319,0.577349,-0.577349,0.577349,0.577349,0.577349,-0.577349,-0.577349,-0.577349,0.577349,-0.577349,-0.577349,-0.577349,-0.577319,0.577349],
    "vertices":[10,-0.500002,-10,10,-0.499998,10,-10,-0.499998,9.99999,-9.99999,-0.500002,-10,10,0.499998,-9.99999,9.99999,0.500002,10,-10,0.500002,9.99999,-10,0.499998,-10,20,-0.500003,-12.5,20,-0.499997,12.5,14,-0.499997,12.5,14,-0.500003,-12.5,20,0.499997,-12.5,20,0.500003,12.5,14,0.500003,12.5,14,0.499997,-12.5,-12.5,-0.500003,-20,12.5,-0.499999,-20,12.5,-0.499999,-14,-12.5,-0.500003,-14,-12.5,0.499997,-20,12.5,0.500001,-20,12.5,0.500001,-14,-12.5,0.499997,-14,-14,-0.500003,-12.5,-14,-0.499997,12.5,-20,-0.499997,12.5,-20,-0.500003,-12.5,-14,0.499997,-12.5,-14,0.500003,12.5,-20,0.500003,12.5,-20,0.499997,-12.5,-12.5,-0.500001,14,12.5,-0.499997,14,12.5,-0.499997,20,-12.5,-0.500001,20,-12.5,0.499999,14,12.5,0.500003,14,12.5,0.500003,20,-12.5,0.499999,20],
    "faces":[33,0,1,2,3,0,1,2,3,33,4,7,6,5,4,5,6,7,33,0,4,5,1,0,4,7,1,33,1,5,6,2,1,7,6,2,33,2,6,7,3,2,6,5,3,33,4,0,3,7,4,0,3,5,33,8,9,10,11,0,8,9,10,33,12,15,14,13,4,5,11,7,33,8,12,13,9,0,4,7,8,33,9,13,14,10,8,7,11,9,33,10,14,15,11,9,11,5,10,33,12,8,11,15,4,0,10,5,33,16,17,18,19,10,12,8,9,33,20,23,22,21,13,11,14,4,33,16,20,21,17,10,13,4,12,33,17,21,22,18,12,4,14,8,33,18,22,23,19,8,14,11,9,33,20,16,19,23,13,10,9,11,33,24,25,26,27,0,8,9,15,33,28,31,30,29,4,5,11,7,33,24,28,29,25,0,4,7,8,33,25,29,30,26,8,7,11,9,33,26,30,31,27,9,11,5,15,33,28,24,27,31,4,0,15,5,33,32,33,34,35,10,16,8,17,33,36,39,38,37,13,11,14,4,33,32,36,37,33,10,13,4,16,33,33,37,38,34,16,4,14,8,33,34,38,39,35,8,14,11,17,33,36,32,35,39,13,10,17,11],
    "uvs":[],
    "name":"Cube.049Geometry"
}