{
    "metadata":{
        "version":3,
        "normals":8,
        "type":"Geometry",
        "vertices":8,
        "faces":6,
        "uvs":0,
        "generator":"io_three"
    },
    "normals":[-0.577349,-0.577319,-0.577349,0.577319,-0.577349,-0.577349,0.577349,-0.577349,0.577349,-0.577349,-0.577349,0.577349,-0.577319,0.577349,-0.577349,-0.577349,0.577349,0.577349,0.577349,0.577349,0.577349,0.577349,0.577349,-0.577319],
    "vertices":[-12.5,-0.500003,-20,12.5,-0.499999,-20,12.5,-0.499999,-14,-12.5,-0.500003,-14,-12.5,0.499997,-20,12.5,0.500001,-20,12.5,0.500001,-14,-12.5,0.499997,-14],
    "faces":[33,0,1,2,3,0,1,2,3,33,4,7,6,5,4,5,6,7,33,0,4,5,1,0,4,7,1,33,1,5,6,2,1,7,6,2,33,2,6,7,3,2,6,5,3,33,4,0,3,7,4,0,3,5],
    "uvs":[],
    "name":"Cube.049Geometry"
}